<?xml version="1.0" encoding="UTF-8" standalone="yes"?>
<addon id="repository.Mirepor" name="[COLOR lime]Mi Repositorio[/COLOR] Repo" version="1.0.1" provider-name="Yo Mismo">
    <extension point="xbmc.addon.repository" name="Mi repositorio">
        <info>https://raw.githubusercontent.com/Dasilva1980/repo/a8f14b503bb603c92aaab4b9b83b83d53e7d5826/Repositorio/addons.xml</info>
        <checksum>https://raw.githubusercontent.com/Dasilva1980/repo/a8f14b503bb603c92aaab4b9b83b83d53e7d5826/Repositorio/addons.xml.md5</checksum>
        <datadir zip="true">https://raw.githubusercontent.com/Dasilva1980/master/Repositorio/</datadir>
    </extension>
    <extension point="xbmc.addon.metadata">
        <summary>Repositorio para Mi</summary>
        <description></description>
        <disclaimer></disclaimer>
        <platform>all</platform>
    </extension>
</addon>
