<?xml version="1.0" encoding="UTF-8" standalone="yes"?>
<addon id="plugin.video.TV Box Miriam"
       name="[COLOR yellow]TV Box Miriam[/COLOR]"
       version="1.0.1"
       provider-name="Da Silva">
  <requires>
    <import addon="xbmc.python" version="2.1.0"/>
	<import addon="script.module.t0mm0.common" version="2.0.0"/>
    <import addon="script.module.beautifulsoup" version="3.2.1"/>
    <import addon="script.module.simple.downloader" version="0.9.4"/>
    <import addon="script.module.beautifulsoup4" />
    <import addon="script.module.simple.downloader" version="0.9.4"/>
    <import addon="script.module.requests" />
    <import addon="script.module.httplib2" />
    <import addon="script.module.youtube.dl" optional="true"/>
    <import addon="plugin.video.youtube" version="3.0.0"/>
    <import addon="script.module.urlresolver" optional="true"/>
    <import addon="script.module.simplejson" /> 
    <import addon="script.common.plugin.cache" version="2.5.2"/>
    <import addon="script.module.metahandler" version="2.5.1"/>

  </requires>
  <extension point="xbmc.python.pluginsource" library="default.py">
    <provides>video</provides>
  </extension>
  
  <extension point="xbmc.addon.repository" name="Mi repositorio">
        <info>https://raw.githubusercontent.com/Dasilva1980/repo/a8f14b503bb603c92aaab4b9b83b83d53e7d5826/Repositorio/addons.xml</info>
        <checksum>https://raw.githubusercontent.com/Dasilva1980/repo/a8f14b503bb603c92aaab4b9b83b83d53e7d5826/Repositorio/addons.xml.md5</checksum>
        <datadir zip="true">https://raw.githubusercontent.com/Dasilva1980/master/Repositorio/</datadir>
    </extension>
	
  <extension point="xbmc.addon.metadata">
    <summary lang="en">Super Mariooooo</summary>
    <description lang="en">CANALES España</description>
    <platform>all</platform>
  </extension>
</addon>
